{"credit":"Made with Blockbench","textures":{"2":"tac:items/ppsh_bolt","particle":"tac:items/mosin_bolt"},"elements":[{"from":[8.48156,8.10938,11.87644],"to":[8.70594,9.24863,16.62644],"rotation":{"angle":0,"axis":"y","origin":[7.81708,8.52397,3.64926]},"faces":{"north":{"uv":[0,0,0.22438,1.13925],"rotation":180,"texture":"#2"},"east":{"uv":[0,0,1.13925,4.75],"rotation":270,"texture":"#2"},"south":{"uv":[0,0,0.22438,1.13925],"texture":"#2"},"west":{"uv":[0,0,1.13925,4.75],"rotation":90,"texture":"#2"},"up":{"uv":[0,0,0.22438,4.75],"rotation":180,"texture":"#2"},"down":{"uv":[0,0,1.59375,9.125],"texture":"#2"}}},{"from":[8.66906,2.09762,10.09728],"to":[8.72156,2.28512,10.28478],"rotation":{"angle":-45,"axis":"x","origin":[7.81708,8.52397,3.64926]},"faces":{"north":{"uv":[0,0,0.0525,0.1875],"rotation":180,"texture":"#2"},"east":{"uv":[0,0,0.1875,0.1875],"rotation":270,"texture":"#2"},"south":{"uv":[0,0,0.0525,0.1875],"texture":"#2"},"west":{"uv":[0,0,0.1875,0.1875],"rotation":90,"texture":"#2"},"up":{"uv":[0,0,0.0525,0.1875],"rotation":180,"texture":"#2"},"down":{"uv":[0,0,1.59375,9.125],"texture":"#2"}}},{"from":[8.66906,0.28566,11.90924],"to":[8.72156,0.47316,12.09674],"rotation":{"angle":-45,"axis":"x","origin":[7.81708,8.52397,3.64926]},"faces":{"north":{"uv":[0,0,0.0525,0.1875],"rotation":180,"texture":"#2"},"east":{"uv":[0,0,0.1875,0.1875],"rotation":270,"texture":"#2"},"south":{"uv":[0,0,0.0525,0.1875],"texture":"#2"},"west":{"uv":[0,0,0.1875,0.1875],"rotation":90,"texture":"#2"},"up":{"uv":[0,0,0.0525,0.1875],"rotation":180,"texture":"#2"},"down":{"uv":[0,0,1.59375,9.125],"texture":"#2"}}}],"display":{"thirdperson_righthand":{"translation":[0,0,0.25],"scale":[0.55,0.55,0.55]},"thirdperson_lefthand":{"translation":[0,0.75,0.25],"scale":[0.55,0.55,0.55]},"firstperson_righthand":{"translation":[-3,0.5,-3]},"firstperson_lefthand":{"translation":[-3.75,1.25,0]},"ground":{"translation":[0,2,0],"scale":[0.55,0.55,0.55]},"gui":{"rotation":[30,-145,0],"translation":[0.25,-1.5,0],"scale":[0.65,0.65,0.65]},"fixed":{"rotation":[0,90,0],"translation":[0,-1.5,-2.25],"scale":[1.1,1.1,1.1]}},"groups":[{"name":"\u629b\u58f3\u7a97(casing window)","origin":[7.09094,8.554,16.20526],"color":6,"children":[0,1,2]}]}