{
	"credit": "Made with Blockbench",
	"texture_size": [256, 256],
	"textures": {
		"5": "tac:items/cz_75_9mm"
	},
	"elements": [
		{
			"from": [7.57031, 9.04297, 13.03517],
			"to": [8.42968, 9.90235, 14.63671],
			"rotation": {"angle": 0, "axis": "y", "origin": [-22, 10.72267, 10.9375]},
			"faces": {
				"north": {"uv": [0.5, 4.5, 0.55371, 4.55371], "rotation": 180, "texture": "#5"},
				"east": {"uv": [0, 2, 0.05371, 2.1001], "rotation": 90, "texture": "#5"},
				"south": {"uv": [4.5, 0, 4.55371, 0.05371], "texture": "#5"},
				"west": {"uv": [2, 2, 2.05371, 2.1001], "rotation": 270, "texture": "#5"},
				"up": {"uv": [2, 0, 2.05371, 0.1001], "texture": "#5"},
				"down": {"uv": [0, 0, 0.05371, 0.1001], "rotation": 180, "texture": "#5"}
			}
		},
		{
			"from": [7.57031, 9.04297, 14.79297],
			"to": [8.42968, 9.90235, 14.91017],
			"rotation": {"angle": 0, "axis": "y", "origin": [-22, 10.72267, 10.9375]},
			"faces": {
				"north": {"uv": [6.5, 0.5, 6.55371, 0.55371], "rotation": 180, "texture": "#5"},
				"east": {"uv": [4, 2, 4.05371, 2.00732], "rotation": 90, "texture": "#5"},
				"south": {"uv": [2.5, 6, 2.55371, 6.05371], "texture": "#5"},
				"west": {"uv": [0, 6, 0.05371, 6.00733], "rotation": 270, "texture": "#5"},
				"up": {"uv": [4, 4, 4.05371, 4.00733], "texture": "#5"},
				"down": {"uv": [2, 4, 2.05371, 4.00733], "rotation": 180, "texture": "#5"}
			}
		},
		{
			"from": [7.68749, 9.16015, 14.63671],
			"to": [8.31249, 9.78515, 14.79297],
			"rotation": {"angle": 0, "axis": "y", "origin": [-22, 10.72267, 10.9375]},
			"faces": {
				"north": {"uv": [0.5, 8.5, 0.53906, 8.53906], "rotation": 180, "texture": "#5"},
				"east": {"uv": [4, 6, 4.03906, 6.00977], "rotation": 90, "texture": "#5"},
				"south": {"uv": [8.5, 0, 8.53906, 0.03906], "texture": "#5"},
				"west": {"uv": [6, 6, 6.03906, 6.00977], "rotation": 270, "texture": "#5"},
				"up": {"uv": [6, 4, 6.03906, 4.00977], "texture": "#5"},
				"down": {"uv": [6, 2, 6.03906, 2.00977], "rotation": 180, "texture": "#5"}
			}
		},
		{
			"from": [7.67581, 9.14847, 12.33205],
			"to": [8.32422, 9.79689, 12.64455],
			"rotation": {"angle": 0, "axis": "y", "origin": [-22, 10.72267, 10.9375]},
			"faces": {
				"north": {"uv": [6.5, 8.5, 6.54053, 8.54053], "rotation": 180, "texture": "#5"},
				"east": {"uv": [8, 2, 8.04053, 2.01953], "rotation": 90, "texture": "#5"},
				"south": {"uv": [8.5, 6, 8.54053, 6.04053], "texture": "#5"},
				"west": {"uv": [8, 4, 8.04053, 4.01953], "rotation": 270, "texture": "#5"},
				"up": {"uv": [4, 8, 4.04053, 8.01953], "texture": "#5"},
				"down": {"uv": [2, 8, 2.04053, 8.01953], "rotation": 180, "texture": "#5"}
			}
		},
		{
			"from": [7.62891, 9.10157, 12.64455],
			"to": [8.37109, 9.84375, 13.07421],
			"rotation": {"angle": 0, "axis": "y", "origin": [-22, 10.72267, 10.9375]},
			"faces": {
				"north": {"uv": [10.5, 2.5, 10.54639, 2.54639], "rotation": 180, "texture": "#5"},
				"east": {"uv": [0, 10, 0.04639, 10.02685], "rotation": 90, "texture": "#5"},
				"south": {"uv": [4.5, 10, 4.54639, 10.04639], "texture": "#5"},
				"west": {"uv": [2, 10, 2.04639, 10.02685], "rotation": 270, "texture": "#5"},
				"up": {"uv": [10, 0, 10.04639, 0.02685], "texture": "#5"},
				"down": {"uv": [8, 8, 8.04639, 8.02685], "rotation": 180, "texture": "#5"}
			}
		},
		{
			"from": [7.78516, 9.25783, 12.13671],
			"to": [8.21485, 9.68751, 12.41017],
			"rotation": {"angle": 0, "axis": "y", "origin": [-22, 10.72267, 10.9375]},
			"faces": {
				"north": {"uv": [10.5, 8.5, 10.52686, 8.52685], "rotation": 180, "texture": "#5"},
				"east": {"uv": [6, 10, 6.02686, 10.01709], "rotation": 90, "texture": "#5"},
				"south": {"uv": [10.5, 10, 10.52686, 10.02685], "texture": "#5"},
				"west": {"uv": [8, 10, 8.02685, 10.01709], "rotation": 270, "texture": "#5"},
				"up": {"uv": [10, 6, 10.02686, 6.01709], "texture": "#5"},
				"down": {"uv": [10, 4, 10.02686, 4.01709], "rotation": 180, "texture": "#5"}
			}
		}
	],
	"display": {
		"thirdperson_righthand": {
			"translation": [0, 0.25, -1],
			"scale": [0.275, 0.275, 0.275]
		},
		"thirdperson_lefthand": {
			"translation": [0, 0.25, -1],
			"scale": [0.275, 0.275, 0.275]
		},
		"firstperson_righthand": {
			"translation": [-6, 6.25, -2],
			"scale": [0.5, 0.5, 0.5]
		},
		"firstperson_lefthand": {
			"translation": [-6, 6.25, -2],
			"scale": [0.5, 0.5, 0.5]
		},
		"ground": {
			"translation": [0, 5, 0],
			"scale": [0.275, 0.275, 0.275]
		},
		"gui": {
			"rotation": [30, -145, 0],
			"translation": [1.75, -0.25, 0]
		},
		"fixed": {
			"rotation": [0, 90, 0],
			"translation": [-1.75, 0.25, -1],
			"scale": [0.55, 0.55, 0.55]
		}
	},
	"groups": [
		{
			"name": "9mm",
			"origin": [0, 0, 0],
			"color": 0,
			"nbt": "{}",
			"armAnimationEnabled": false,
			"children": [0, 1, 2, 3, 4, 5]
		}
	]
}