{
	"credit": "Models are primarially made by NekoCrane and adjusted by ClumsyAlien!",
	"textures": {
		"5": "tac:items/m1911_upper"
	},
	"elements": [
		{
			"from": [6.92813, -2.51145, 13.27443],
			"to": [9.08806, -1.27938, 14.51938],
			"rotation": {"angle": 0, "axis": "x", "origin": [7.17813, -2.44229, 15.21102]},
			"faces": {
				"north": {"uv": [7, 14, 9.15993, 14], "texture": "#5", "tintindex": 0},
				"east": {"uv": [1.5, 14.5, 2.74495, 14.5], "texture": "#5", "tintindex": 0},
				"south": {"uv": [6.5, 13.5, 8.65993, 13.5], "texture": "#5", "tintindex": 0},
				"west": {"uv": [8, 14, 9.24495, 14], "texture": "#5", "tintindex": 0},
				"up": {"uv": [6.92813, 13.27443, 9.08806, 14.51938], "texture": "#5", "tintindex": 0},
				"down": {"uv": [6, 13, 8.15993, 14.24495], "texture": "#5", "tintindex": 0}
			}
		},
		{
			"from": [6.92813, -2.46985, 14.4836],
			"to": [9.08806, -1.23778, 14.85355],
			"rotation": {"angle": -22.5, "axis": "x", "origin": [8.0081, -2.40069, 14.60607]},
			"faces": {
				"north": {"uv": [7, 14, 9.15993, 14], "texture": "#5", "tintindex": 0},
				"east": {"uv": [1.5, 14.5, 1.86995, 14.5], "texture": "#5", "tintindex": 0},
				"west": {"uv": [8, 14, 8.36995, 14], "texture": "#5", "tintindex": 0},
				"down": {"uv": [6, 13, 8.15993, 13.36995], "texture": "#5", "tintindex": 0}
			}
		},
		{
			"from": [6.92813, -2.33153, 15.59022],
			"to": [9.08806, -1.09946, 15.96017],
			"rotation": {"angle": -22.5, "axis": "x", "origin": [8.0081, -2.26237, 15.71269]},
			"faces": {
				"north": {"uv": [7, 14, 9.15993, 14], "texture": "#5", "tintindex": 0},
				"east": {"uv": [1.5, 14.5, 1.86995, 14.5], "texture": "#5", "tintindex": 0},
				"west": {"uv": [8, 14, 8.36995, 14], "texture": "#5", "tintindex": 0},
				"down": {"uv": [6, 13, 8.15993, 13.36995], "texture": "#5", "tintindex": 0}
			}
		},
		{
			"from": [6.92813, -2.2348, 14.24272],
			"to": [9.08806, -1.00272, 16.59429],
			"rotation": {"angle": 0, "axis": "y", "origin": [7.17813, -2.44229, 15.21102]},
			"faces": {
				"north": {"uv": [7, 14, 9.15993, 14], "texture": "#5", "tintindex": 0},
				"east": {"uv": [1.5, 14.5, 3.25728, 14.5], "texture": "#5", "tintindex": 0},
				"south": {"uv": [6.5, 13.5, 8.65993, 13.5], "texture": "#5", "tintindex": 0},
				"west": {"uv": [8, 14, 9.75728, 14], "texture": "#5", "tintindex": 0},
				"up": {"uv": [6.92813, 14.24272, 9.08806, 16], "texture": "#5", "tintindex": 0},
				"down": {"uv": [6, 13, 8.15993, 14.75728], "texture": "#5", "tintindex": 0}
			}
		},
		{
			"from": [6.92813, -2.09647, 14.8652],
			"to": [9.08806, -0.86439, 16.93804],
			"rotation": {"angle": 0, "axis": "y", "origin": [7.17813, -2.44229, 15.21102]},
			"faces": {
				"north": {"uv": [7, 14, 9.15993, 14], "texture": "#5", "tintindex": 0},
				"east": {"uv": [1.5, 14.5, 2.6348, 14.5], "texture": "#5", "tintindex": 0},
				"west": {"uv": [8, 14, 9.1348, 14], "texture": "#5", "tintindex": 0},
				"up": {"uv": [6.92813, 14.8652, 9.08806, 16], "texture": "#5", "tintindex": 0}
			}
		},
		{
			"from": [6.92813, -2.20814, 15.69516],
			"to": [9.08806, -0.72607, 16.93804],
			"rotation": {"angle": 0, "axis": "y", "origin": [7.17813, -2.44229, 15.21102]},
			"faces": {
				"north": {"uv": [7, 14, 9.15993, 14], "texture": "#5", "tintindex": 0},
				"east": {"uv": [1.5, 14.5, 1.80484, 14.5], "texture": "#5", "tintindex": 0},
				"south": {"uv": [6.5, 13.5, 8.65993, 13.5], "texture": "#5", "tintindex": 0},
				"west": {"uv": [8, 14, 8.30484, 14], "texture": "#5", "tintindex": 0},
				"up": {"uv": [6.92813, 15.69516, 9.08806, 16], "texture": "#5", "tintindex": 0},
				"down": {"uv": [6, 13, 8.15993, 13.30484], "texture": "#5", "tintindex": 0}
			}
		},
		{
			"from": [6.92813, -2.37313, 13.62025],
			"to": [9.08806, -1.14105, 15.626],
			"rotation": {"angle": 0, "axis": "y", "origin": [7.17813, -2.44229, 15.21102]},
			"faces": {
				"north": {"uv": [7, 14, 9.15993, 14], "texture": "#5", "tintindex": 0},
				"east": {"uv": [1.5, 14.5, 3.50575, 14.5], "texture": "#5", "tintindex": 0},
				"south": {"uv": [6.5, 13.5, 8.65993, 13.5], "texture": "#5", "tintindex": 0},
				"west": {"uv": [8, 14, 10.00575, 14], "texture": "#5", "tintindex": 0},
				"up": {"uv": [6.92813, 13.62025, 9.08806, 15.626], "texture": "#5", "tintindex": 0},
				"down": {"uv": [6, 13, 8.15993, 15.00575], "texture": "#5", "tintindex": 0}
			}
		},
		{
			"from": [7.17813, -2.1932, 16.55851],
			"to": [8.83806, -1.05488, 16.92846],
			"rotation": {"angle": -22.5, "axis": "x", "origin": [8.0081, -2.12404, 16.68098]},
			"faces": {
				"north": {"uv": [7.16194, 16, 8.82187, 16], "texture": "#5", "tintindex": 0},
				"east": {"uv": [0, 16, 0, 16], "texture": "#5", "tintindex": 0},
				"west": {"uv": [11, 16, 11, 16], "texture": "#5", "tintindex": 0},
				"down": {"uv": [7.17813, 0, 8.83806, 0], "texture": "#5", "tintindex": 0}
			}
		},
		{
			"from": [7.17813, -1.79596, 14.53097],
			"to": [8.83806, 10.99611, 15.36094],
			"rotation": {"angle": -22.5, "axis": "x", "origin": [8.00809, -0.90097, 15.91425]},
			"faces": {
				"east": {"uv": [0.63906, 5.00389, 1.46903, 16], "texture": "#5", "tintindex": 0},
				"west": {"uv": [10.5, 0.5, 11.32997, 11.49611], "texture": "#5", "tintindex": 0}
			}
		},
		{
			"from": [7.17813, -2.01012, 15.36094],
			"to": [8.83806, 10.65695, 16.1909],
			"rotation": {"angle": -22.5, "axis": "x", "origin": [8.00809, -0.90097, 15.91425]},
			"faces": {
				"east": {"uv": [0, 5.34305, 0.63906, 16], "texture": "#5", "tintindex": 0},
				"west": {"uv": [10.5, 0.5, 11.13906, 11.15695], "texture": "#5", "tintindex": 0}
			}
		},
		{
			"from": [7.17813, -2.13512, 16.17344],
			"to": [8.83806, 10.53195, 16.5034],
			"rotation": {"angle": -22.5, "axis": "x", "origin": [8.00809, -0.90097, 15.91425]},
			"faces": {
				"east": {"uv": [0, 5.46805, 0, 16], "texture": "#5", "tintindex": 0},
				"south": {"uv": [7.5, 5, 9.15993, 15.53195], "texture": "#5", "tintindex": 0},
				"west": {"uv": [16, 3.5, 16, 14.03195], "texture": "#5", "tintindex": 0}
			}
		},
		{
			"from": [7.17813, 8.97504, 8.80666],
			"to": [8.83806, 10.3675, 12.34873],
			"rotation": {"angle": -22.5, "axis": "x", "origin": [8.0081, 9.34314, 10.5777]},
			"faces": {
				"north": {"uv": [7.16194, 5.6325, 8.82187, 7.02496], "rotation": 180, "texture": "#5", "tintindex": 0},
				"east": {"uv": [3.65127, 5.6325, 7.19334, 7.02496], "rotation": 90, "texture": "#5", "tintindex": 0},
				"south": {"uv": [7.17813, 5.6325, 8.83806, 7.02496], "texture": "#5", "tintindex": 0},
				"west": {"uv": [8.80666, 5.6325, 12.34873, 7.02496], "rotation": 270, "texture": "#5", "tintindex": 0},
				"up": {"uv": [7.17813, 8.80666, 8.83806, 12.34873], "texture": "#5", "tintindex": 0},
				"down": {"uv": [7.17813, 3.65127, 8.83806, 7.19334], "rotation": 180, "texture": "#5", "tintindex": 0}
			}
		},
		{
			"from": [7.17813, -1.58847, 13.70101],
			"to": [8.83806, 11.27276, 14.53097],
			"rotation": {"angle": -22.5, "axis": "x", "origin": [8.00809, -0.90097, 15.91425]},
			"faces": {
				"east": {"uv": [1.46903, 4.72724, 2.29899, 16], "texture": "#5", "tintindex": 0},
				"west": {"uv": [10.5, 0.5, 11.32996, 11.77276], "texture": "#5", "tintindex": 0}
			}
		},
		{
			"from": [7.17813, -1.45681, 13.28602],
			"to": [8.83806, 11.54942, 13.70101],
			"rotation": {"angle": -22.5, "axis": "x", "origin": [8.00809, -0.90097, 15.91425]},
			"faces": {
				"north": {"uv": [7.16194, 4.45058, 8.82187, 16], "texture": "#5", "tintindex": 0},
				"east": {"uv": [2.29899, 4.45058, 2.71398, 16], "texture": "#5", "tintindex": 0},
				"west": {"uv": [10.5, 0.5, 10.91499, 12.04942], "texture": "#5", "tintindex": 0}
			}
		}
	],
	"display": {
		"thirdperson_righthand": {
			"translation": [0, 0.25, 0.25],
			"scale": [0.35, 0.35, 0.35]
		},
		"thirdperson_lefthand": {
			"rotation": [22.5, 0, 0],
			"translation": [0, 0.5, -0.5],
			"scale": [0.275, 0.275, 0.275]
		},
		"firstperson_righthand": {
			"translation": [2, 0, -9]
		},